Annnora,Errol,742479079,2007-02-22
Emili,Wrightson,842306041,2008-07-08
Lotti,Wareham,924377435,2014-03-11
Leah,Sweetman,955135916,2018-09-23
Martina,Huyhton,788786152,2000-08-06
Dorian,Keningley,703084087,2006-11-21
Lurette,Cruden,717843538,2005-09-12
Kata,Vitler,766659532,2003-12-22
Nobe,Trowl,839771006,2015-08-25
Dorise,Doddrell,997208572,2007-10-18
Dex,De Ruel,866221564,2011-07-10
Ardelia,Sallarie,880506061,2008-09-15
Madelle,MacGovern,707272207,2022-07-19
Tanner,Ethelstone,748908757,2009-12-07
Mattie,Guillford,826913504,2017-06-30
Zack,Blaise,996962224,2004-01-02
Twila,Logue,985024997,2004-10-30
Edouard,Robottom,820654122,2003-11-29
Pablo,Favill,781851394,2017-07-01
Angelina,Elix,833330248,2017-07-20
Malinda,Milesop,954090369,2007-09-10
Carol,Kobierra,960591107,2022-02-23
Chevy,Le Leu,993098388,2009-05-13
Abram,Grissett,979265608,2002-03-22
Jacquetta,Giovannacc@i,872142161,2007-05-03
Sib,Barnaclough,900922170,2005-10-04
Agatha,Birt,987418710,2000-08-11
Rosaleen,Doubrava,782481039,2022-08-05
Anderea,Strike,748985243,2000-09-13
Benedikt,Enden,851583858,2021-07-16
Rosalinda,Franke,788522488,2011-03-09
Teddy,Emeline,940545458,2017-05-20
Lilith,Bernt,772116976,2005-10-10
Frayda,Lanston,725412743,2016-10-01
Kassey,Seal,932415366,2015-04-02
Rafaello,Clapham,804199571,2005-10-29
Sorcha,Matteotti,780852888,2020-06-25
Willetta,Gallety,932014827,2010-12-20
Nestor,Workes,915831925,2013-04-14
Burch,Loveard,806553537,2000-09-24
Marylee,Jaquin,879831648,2010-10-25
Simmonds,Fluger,750253346,2008-03-25
Melessa,Cullinane,911353026,2017-08-22
Tiphanie,Tonna,761879765,2020-10-28
Ysabel,Dobney,886467172,2011-12-19
Giralda,Kayne,751083384,2010-05-21
Marta,Blacksell,701459777,2004-07-12
Brewer,Curwood,886663351,2014-02-24
Joanne,Swepson,706516454,2004-07-22
Jerrilyn,McCutcheon,758848727,2016-05-31
Constantin,Doram,702489531,2003-07-22
Ted,Baggott,986875066,2019-03-15
Karlik,Swanbourne,706698905,2005-06-13
Phillis,Jankiewicz,749362167,2018-06-09
Cy,Bougourd,730361651,2022-01-11
Ky,Staten,818072294,2011-03-08
Otho,Picopp,854868864,2005-09-07
Jerrome,Guerner,956822817,2022-08-03
Ambrosius,Varne,728955353,2014-05-03
Laughton,Bembrick,880141499,2019-01-30
Daisi,Stockow,882318728,2021-06-16
Earlie,Carah,742877986,2015-07-29
Ambur,Rands,817840408,2012-08-17
Hamlen,Gilson,797485347,2006-07-06
Giustina,Vasyutochkin,707606506,2014-06-28
Tyrone,Wardhaugh,718198589,2007-12-16
Thornie,Matveyev,812896276,2013-12-22
Neilla,Ingerith,948938630,2019-03-27
Whittaker,Gwyer,703790821,2020-11-10
Jessamyn,Ottewell,782563196,2014-06-22
Arch,Mourant,896584845,2018-05-25
Vivienne,Goroni,812897475,2012-11-10
Cole,Fould,706700456,2005-01-26
Mariejeanne,McPike,787058062,2005-12-25
Rick,Raddan,737124659,2007-06-10
Nevin,Cotherill,758394048,2007-01-12
Nikolas,Sharrard,856531868,2012-06-13
Mord,Latek,770264153,2010-10-16
Christiana,Stratton,931505208,2020-03-14
Olly,Cleminshaw,835546536,2018-12-03
Almeria,Durtnel,767684769,2003-05-29
Cyndy,Bearne,806879460,2003-01-24
Nikolai,Leaming,854891355,2019-10-31
Fionna,Berndt,765455675,2012-03-17
Anestassia,Franzewitch,755037443,2005-05-07
Jacklyn,McArley,734228053,2001-12-24
Joan,Geaney,743932167,2019-06-26
Callida,Baverstock,891726299,2009-02-03
Whittaker,McNess,894286984,2004-08-18
Horatio,Empleton,979921003,2006-04-20
Brenda,Meanwell,794718129,2012-03-03
Humfried,Biggerstaff,877074087,2015-10-10
Obidiah,Hartington,765760752,2016-08-04
Cornie,Alexandersen,852805339,2002-11-04
Ara,Warman,845153715,2008-04-29
Tuck,Summerhayes,715854427,2004-10-14
Carly,Fridd,807669616,2013-03-28
Mathe,Americi,727245087,2005-05-17
Elise,Kissack,858724759,2017-03-24
Elly,Wilmot,795567306,2001-09-09
Lon,Demonge,924341863,2001-06-26
Clarance,Senogles,900787771,2016-08-02
Samson,Rolinson,949116109,2007-07-10
Barney,Siemon,940534782,2011-09-25
Roth,Lobley,854174711,2004-09-01
Salomi,Foakes,772754907,2020-06-21
Fraser,Bayfield,868020854,2001-08-24
Antonin,O'Keefe,800592709,2010-04-28
Laurella,Fury,987709497,2011-07-20
Clyde,Drew-Clifton,729124325,2013-07-21
Gannie,Tarr,922351688,2004-05-28
Harald,Pherps,913444622,2018-01-06
Freedman,Skelhorne,934736071,2017-06-03
Emeline,Aubert,764874149,2013-04-28
Herta,Noble,811367629,2005-09-08
Artair,Irlam,760064035,2008-08-28
Yancy,Balsom,710122574,2014-12-03
Davin,Salerno,818481952,2016-05-02
Kennie,Benardeau,771478737,2018-05-21
Clarie,Fenny,758808748,2015-04-09
Araldo,Shippard,962543822,2012-06-16
Ardis,Chicotti,839071441,2005-11-13
Augustine,Parell,763379030,2020-11-22
Ebony,Darte,797051102,2016-02-26
Marthena,Kitson,717481327,2001-11-17
Ashli,Overbury,728262212,2004-01-05
Emmey,Iacovo,827542539,2021-09-06
Ursala,Graith,716797726,2013-11-06
Molly,Keir,732274773,2014-08-12
Karissa,Inglefield,887684806,2005-05-12
Marlo,Gaytor,982102900,2006-10-10
Nelia,Cleave,868525745,2014-04-07
Harrie,Skelly,783956762,2018-02-17
Dorella,Zecchinelli,817421654,2000-03-19
Britte,Fould,747616912,2016-03-28
Burty,Isenor,707509767,2015-11-30
Nathaniel,Rabat,716805119,2013-11-20
Cathyleen,Greensitt,736713477,2011-02-24
Renee,Esposita,701784136,2019-10-28
Isahella,Liggons,907819013,2021-03-23
Wade,Durrett,900706099,2010-12-11
Carree,Treece,720665384,2022-12-05
Siward,Perelli,853913088,2004-05-23
Brandy,Karpov,906807320,2008-01-13
Lucilia,Blumson,790643358,2017-06-26
Petronille,Ollive,705066528,2008-05-29
Wake,Wartnaby,836746908,2018-08-20
Ermengarde,Rockcliff,753933584,2019-12-09
Ralph,Kewish,737414093,2013-12-17
Field,Amoore,867464812,2012-01-12
Kaitlin,Borges,738465832,2013-11-17
Osbourn,Brechin,703867535,2007-02-17
Roley,Gall,752622132,2004-10-21
Jaine,Oxbrow,737207751,2004-03-23
Dulcie,Hartlebury,816370915,2006-01-14
Karleen,Exeter,807757966,2008-09-10
Cullen,Chattock,804685515,2017-02-16
Traci,Texton,862190626,2010-05-02
Nigel,MacVaugh,980858454,2008-07-28
Quinlan,Stearnes,864305692,2010-08-18
Germain,Rubin,729710404,2020-11-28
Marys,Mathiasen,743803710,2004-01-30
Towny,Barhims,795888258,2014-02-12
Minetta,Wheildon,853148626,2014-04-05
Bonnee,Jouhning,893812669,2010-07-11
Byron,Borer,940426468,2001-10-27
Gaynor,Tynemouth,980962651,2009-02-18
Yankee,Demeter,748921830,2012-07-04
Bruno,Shirer,907583794,2001-02-15
Olenolin,Margrem,793509659,2020-12-25
Cooper,Windeatt,954365113,2016-06-16
Borg,Vescovo,892334479,2002-02-17
Tasia,Greaser,797029356,2017-12-04
Toinette,Severy,876527718,2007-11-17
Skip,Paulin,807142260,2009-04-21
Clemmy,Lothean,890048679,2017-06-03
Gerty,Joiris,760195714,2002-07-31
Bard,Backler,825716812,2007-02-18
Winfield,Broady,969938748,2016-03-03
Durand,Hornbuckle,752145391,2020-01-02
Tiphani,Jamot,985530010,2004-08-17
Putnem,Sneesbie,737215674,2014-07-05
Aylmer,Billyeald,728529609,2010-06-29
Dalia,Dagger,728165175,2011-05-17
Camilla,Golds,896577448,2018-07-21
Jobie,Excell,922855611,2005-10-06
Shellie,Charpin,849893666,2010-10-04
Linell,Hawse,824947790,2015-05-09
Alisa,Cobbold,789256217,2009-09-29
Dorelia,Kneath,841000721,2011-05-13
Maggie,Aitkin,743105836,2009-01-23
Philippa,Twiggs,922122391,2020-11-08
Glen,McKnish,989998434,2015-06-23
Dolph,Sowten,759282752,2009-10-12
Terza,Mc Corley,793831669,2020-01-16
Yolanthe,Lerhinan,945534522,2008-12-14
Wrennie,McMurthy,757810100,2003-04-28
Trstram,Lombardo,889767670,2014-08-14
Haleigh,Lacrouts,974500042,2005-07-07
Vin,Charlwood,750871270,2021-10-02
Caryn,Debling,987765318,2008-02-16
Adena,Barme,760202088,2019-12-15
Gianni,Joblin,773267882,2009-04-27
Nye,Dark,704043048,2020-08-08
Dillie,Damerell,766895405,2019-08-16
Hendrick,Risen,827580702,2021-04-11
Gustie,Lower,793687452,2013-03-08
Bret,Lamplough,965367843,2010-11-03
Carlita,Chambers,701487831,2005-03-06
Myrlene,Ariss,789523859,2005-11-04
Fianna,Shilladay,788828071,2002-12-28
Jamey,Haack,853219867,2012-07-02
Marjie,Letterese,901571511,2016-05-16
Allan,O'Fallon,759608542,2002-04-20
Glenda,Myderscough,910538008,2015-11-07
Martguerita,Carmel,819351350,2019-11-22
Ruthe,Speddin,744218737,2007-06-20
Chip,Milberry,797531924,2005-09-28
Wolfgang,Tomasik,877646907,2004-02-28
Grantley,Cuschieri,885665561,2022-04-05
Mikkel,Breinl,910504327,2004-05-23
Marcos,Wytchard,787700487,2014-06-09
Jacquetta,Randalson,796309310,2014-02-08
Nicol,Worlidge,817203984,2009-10-29
Trevor,Demcik,887134278,2017-04-17
Ida,Boij,702622666,2018-11-21
Veriee,Garric,991618765,2009-01-19
Loella,Sweatland,758683481,2020-01-15
Fey,Hosten,967412510,2010-04-11
Andy,Dullaghan,873593112,2019-06-20
Montague,Mathivet,987788861,2001-03-24
Keeley,Parkhouse,712358907,2010-06-18
Evered,Stoving,702099548,2011-02-11
Rance,Redit,977851802,2002-12-25
Belinda,Ivakhno,717836233,2004-10-01
Corabelle,Niven,795947110,2021-01-27
Cointon,Bamb,983411488,2022-06-28
Gibby,Brambill,764077179,2019-07-30
Barbee,Swaile,703995363,2012-12-02
Hailee,Rainbow,888653454,2021-01-15
Steve,Vertey,929405059,2019-01-06
Marney,Lansly,798782446,2014-12-06
Stacy,Garnar,786309098,2003-12-09
Sandor,Wiles,862002031,2018-11-20
Laurie,Houlworth,706775624,2009-01-02
Bibbie,Fendlen,921327604,2011-08-19
Gwenni,Cogman,811885109,2014-11-07
Misty,Cordner,713192370,2009-03-07
Raimund,Crayker,991529150,2011-10-25
Emlen,Roadnight,766454266,2003-08-25
Hyacintha,Paver,745423485,2005-06-08
Lucias,Chessor,890883791,2015-09-12
Hedy,Karlqvist,980881826,2002-11-28
Bernadina,McKelloch,767089285,2021-12-17
Bathsheba,Sidon,900736032,2014-07-21
Erika,Bastick,719936633,2003-10-28
Corliss,Loughman,846923649,2008-07-12
Mac,Tapin,737198754,2003-06-22
Theresita,Belverstone,775411287,2014-03-11
Devinne,Willmont,980246055,2001-11-21
Kerrin,Sheasby,916082773,2022-01-17
Gifford,Bascombe,979168273,2008-05-18
Joly,Hanmer,747570646,2001-07-27
Judd,Silversmidt,854942938,2003-03-12
Norrie,Fronczak,783827564,2005-06-06
Carmina,Haywood,888076323,2004-09-04
Conrado,Dable,873599268,2014-01-17
Harland,Brouard,918492215,2022-03-26
Dyan,Tratton,726350634,2014-06-19
Leslie,Vispo,721888065,2020-06-28
Mike,Patkin,753335126,2007-10-03
Hally,Foy,935285948,2014-03-22
Lynnett,Carloni,756806240,2021-12-18
Rora,Hebbard,748527309,2022-07-18
Gearard,Birk,769481431,2003-04-08
Beltran,O'Carran,890445123,2013-02-28
Shanan,Mosen,977845005,2008-11-05
Hildagarde,Goodayle,914554019,2018-04-14
Hall,Yakubovich,968486292,2009-08-07
Jackie,Peers,758557875,2010-04-13
Kristoffer,Pettengell,714083480,2007-08-29
Demeter,Klauber,853406922,2007-12-08
Gris,Atcherley,707910339,2013-08-17
Zachary,Jeavon,798821637,2010-03-19
Emilie,Beaufoy,888433609,2019-06-07
Cristabel,Dawby,767113051,2005-01-29
Amory,Raspison,726503062,2021-02-23
Ludovika,Fipp,724887829,2010-11-01
Duff,Minty,718933512,2019-03-01
Janelle,Brikner,876503848,2011-08-08
Johnette,Underhill,852916175,2018-05-27
Paola,Paulillo,950852907,2010-03-26
Mattheus,Hook,730843705,2010-07-10
Doll,Lello,717250783,2017-02-20
Konstanze,McGrowther,787498400,2022-06-16
Walther,Wikey,778399333,2000-09-08
Gabriel,Aikett,830214963,2002-03-28
Lars,Paroni,739387748,2022-08-17
Nedi,Clowney,851809184,2021-10-04
Christophorus,Cescot,941904972,2006-06-12
Fletch,Schroeder,947714930,2001-01-23
Lilla,Brumham,940092000,2008-11-02
Tab,Petcher,824813640,2007-03-19
Udall,Rewan,880645372,2000-01-17
Jonell,Paulazzi,727234129,2017-02-13
Derril,Nucciotti,774968387,2018-05-10
Dolores,Vonderdell,791665886,2014-05-19
Aharon,Leibold,773714627,2015-11-17
Domingo,Koschke,873638389,2019-12-23
Robers,Olivey,719919191,2003-05-01
Katuscha,Crossthwaite,783663771,2011-12-13
Belvia,Valois,719985293,2005-07-27
Tailor,Haldenby,780987500,2003-02-15
Bobbie,Cogar,957126343,2019-01-14
Gearalt,Searston,727928362,2019-03-22
Marthe,Curro,794412721,2013-02-08
Jacobo,Bisseker,747676493,2002-11-20
Saunder,Thornton,905211562,2014-11-24
Bob,Gorgen,788438816,2020-07-05
Felicdad,Hamberstone,809780656,2002-07-01
Vite,Thorp,705772081,2016-07-14
Nat,MacAirt,777704986,2007-08-10
Agosto,Tinner,997117077,2021-03-31
Sorcha,Domingues,876298358,2001-10-09
Delcina,Turbard,730959411,2013-11-23
Risa,Scrowby,983654214,2015-04-15
Addy,Stebbing,836549678,2017-04-13
Van,Casewell,917326414,2016-08-17
Welby,Chippin,845974152,2022-03-04
Aurel,Offord,708457424,2005-08-07
Hallie,Garron,708176349,2020-11-25
Petrina,Hesse,991188861,2014-12-27
Ysabel,Doudney,783121360,2023-01-15
Clifford,Robard,916631496,2022-07-29
Fredra,Sture,771561296,2014-02-22
Giraldo,Cootes,705113558,2003-06-24
Rhett,Petegree,873230749,2007-11-28
Willi,Matijasevic,780126612,2004-01-23
Mitchael,Guswell,824529638,2015-11-04
Willie,Mordon,926208576,2022-07-21
Gabie,Mithan,722848235,2004-10-11
Kora,Pottiphar,975626566,2000-07-28
Daffy,Sappell,781450721,2019-12-05
Graehme,Sievewright,748947479,2005-08-27
Vilma,Konerding,756304777,2019-08-20
Maximo,Eveleigh,882933001,2003-08-06
Shanna,Ibeson,724103617,2004-02-02
Valentine,Mossom,765669138,2018-10-29
Mireille,Youde,914068986,2015-06-17
Ben,Galpin,702849332,2018-02-06
Sterling,Ferrucci,724619591,2014-07-18
Kippy,Brunesco,773746758,2012-01-04
Jakob,Maund,891450171,2007-12-13
Greggory,Crennan,735072814,2010-03-24
Tamara,Diggin,854683942,2014-11-13
Caty,Streater,938364631,2003-09-24
Pace,Marzelo,736144692,2015-06-18
Sharon,Darthe,746559531,2004-03-17
Zilvia,Meeus,792856577,2010-02-07
Melicent,Denidge,707975307,2003-03-21
Ethelin,Clingoe,759034826,2019-12-13
Huberto,Merfin,830991279,2014-02-05
Benn,Gresly,741813379,2001-12-30
Obidiah,Deehan,898336317,2020-01-18
Elwood,Skelington,896711821,2010-12-07
Winnah,Yakolev,949660033,2010-12-20
Stanly,Boerder,718473990,2022-03-18
Bennie,Gerckens,784374406,2002-02-11
Lindsay,Leyre,704047144,2006-07-21
Darlleen,Brumfield,803058461,2011-01-14
Nikaniki,Woodwin,820563303,2016-09-15
Maurice,Elmhirst,930922121,2018-06-08
Livy,Darville,847608350,2006-07-16
Rosemonde,Parkman,777972578,2013-10-15
Ingaborg,Antyshev,854655580,2012-07-29
Micki,Jiran,831770501,2003-11-17
Owen,Scotchmoor,850462948,2022-08-10
Gussy,Partrick,874364392,2017-01-11
Martin,Reavey,835533632,2008-08-09
Mellicent,Roskilly,738110231,2020-05-23
Philippine,Liddon,759133099,2021-09-22
Bethina,Dench,937001651,2007-11-12
Shae,McWhannel,713382290,2001-08-21
Dallas,MacRedmond,923250524,2013-08-23
Tadeo,Mary,727908078,2005-09-02
Jeannine,McIlroy,713262683,2020-12-02
Rubina,Oloshin,777884874,2010-12-16
Brandie,Candlin,929566346,2007-05-05
Zebedee,Elmhirst,735780451,2004-08-25
Linet,Josefs,907522540,2005-05-03
Peta,Renish,845186284,2001-04-05
Micaela,Fairebrother,749012128,2000-08-01
Wyndham,Gibard,785281174,2003-11-27
Martha,Tesseyman,790872963,2010-02-17
Sile,Mapledoram,813165192,2014-04-12
Jessie,Goady,717209678,2002-10-10
Mordecai,Exley,922705657,2013-03-12
Jard,Argontt,948442477,2013-12-12
Marcie,Benadette,842039956,2001-07-13
Filbert,Plaster,748835927,2018-08-09
Guglielma,Tapp,786759540,2012-10-15
Sonny,Maffia,977389511,2003-03-06
Davis,Semmence,813672350,2017-08-28
Lana,Leitch,901401514,2000-11-18
Vitia,Fodden,867199505,2012-10-23
Mady,Keynd,744432925,2017-11-07
Brandise,Howling,788785019,2018-11-01
Verina,Fucher,939549270,2010-12-20
Eb,Ghion,735656854,2008-11-17
Britta,Lubbock,939341195,2006-11-06
Imelda,Dawtre,955135988,2015-10-02
Alane,Parsand,955725015,2004-12-25
Charmine,Gathercole,860110383,2003-02-19
Say,Lethieulier,784769491,2011-11-01
Waring,Korf,846213124,2012-04-12
Marrilee,Crielly,786133374,2011-11-20
Moira,Nesfield,931030082,2004-02-05
Phylis,Randall,732733928,2023-01-15
Devon,Blacklock,968562844,2019-02-28
Cornie,Cheney,871088554,2006-09-29
Foster,Hinkensen,719853830,2019-10-08
Ginnie,Dreamer,724777002,2021-09-20
Gasparo,Hiland,903832433,2009-12-27
Wade,Wealleans,796827515,2006-01-26
Trevor,Josephson,906624675,2016-04-28
Rosamund,Richardson,735131031,2021-09-14
Galina,De Ath,811449028,2009-03-15
Logan,O'Duggan,867598973,2007-12-17
Stormi,Izaks,785236502,2014-11-26
Byram,Matusiak,794337711,2023-02-03
Giffard,Hierro,791429051,2015-03-11
Phineas,Plews,776866315,2014-09-17
Hayley,Morston,709961568,2010-12-30
Aurelia,Cutmere,951987779,2015-03-16
George,Willingham,774488574,2013-03-30
Teriann,Shipley,790223168,2002-09-04
Lib,Roizin,980592582,2018-07-04
Welbie,Haslen,766372011,2013-02-05
Amitie,Mumm,701953827,2000-06-16
Dyanna,Netting,935467236,2011-12-23
Jori,Blowfield,801042683,2021-03-04
Elmira,Lindroos,796894764,2021-08-16
Sigismundo,Menendez,800941433,2020-06-28
Hamlen,Ales,944294392,2021-01-12
Nickie,Gilham,728963031,2009-09-26
Cecilius,Noe,832913644,2005-05-25
Dory,Coughlin,771023747,2000-06-30
Nicolina,Linay,810304065,2000-05-10
Charla,Emmer,757004346,2011-02-18
Rosana,Szwandt,837090654,2014-07-10
Ted,Beagin,998110132,2001-07-15
Danika,Daveren,924120072,2002-09-02
Gabi,MacTrusty,743263167,2019-03-13
Camila,McCane,777368038,2013-10-21
Cori,Kleszinski,732444192,2017-04-14
Tiena,Birkin,720280131,2001-05-27
Shirl,Foresight,720881095,2000-04-19
Sutton,Bowne,757157419,2011-12-02
Cornela,McRae,748283651,2022-02-11
Brigg,Geertsen,834335694,2013-07-08
Theodosia,Barcroft,772099184,2001-08-06
Fredi,Benes,912274123,2005-07-31
Marci,Trunby,780040169,2004-06-13
Kellen,Scouler,770830875,2019-05-17
Jayme,Ridley,910152239,2002-04-18
Mahalia,Jaycox,773359455,2012-07-20
Perle,Wellbelove,758222344,2015-03-17
Dur,Shubotham,857910835,2020-12-04
Isobel,Petcher,806577392,2003-08-20
Kaye,Caulier,764077981,2018-11-30
Odey,Caudell,857931905,2005-04-29
Demetre,Ellson,753385107,2012-12-31
Gussy,Sarra,881139787,2016-08-01
Val,O'Hanley,776909806,2004-09-02
Claudelle,Novkovic,754026490,2011-11-24
Annadiane,Tocknell,934327674,2021-05-06
Neile,Persence,966557604,2000-04-01
Anica,Nary,747029943,2013-03-12
Cthrine,Odo,850759467,2021-07-25
Elvin,Palumbo,801759565,2001-12-15
Isidora,Hundy,789421160,2005-10-06
Teodora,Ladd,705996501,2008-09-30
Prinz,Heasley,947411620,2016-12-13
Gino,Leyzell,990100663,2016-08-13
Doe,Axton,773500931,2000-08-06
Cortney,Treen,883250909,2004-11-22
Gabby,Dugood,747450800,2007-12-23
Anatollo,Menham,715614449,2022-03-12
Randene,Kalkofen,703457480,2012-05-03
Bartram,Brewitt,959732467,2022-12-04
Donaugh,Chansonne,904706756,2000-10-01
Giles,Fantin,731691067,2015-02-02
Heriberto,Cockshot,894982773,2006-04-22
Arvin,Lorroway,987414962,2013-04-06
Edlin,Urvoy,709470152,2015-11-25
Shani,O'Keeffe,727603863,2009-03-05
Eugenio,Scrigmour,756479538,2013-03-05
Liliane,Hollow,889903087,2016-06-02
Bonni,Witsey,741108872,2014-11-07
Cori,Waison,840031420,2017-12-08
May,Grundwater,791742292,2022-04-17
Berty,Cressey,756728754,2010-05-14
Ruddy,Huelin,873897277,2007-02-06
Dillie,Grisenthwaite,719990467,2016-07-06
Ivett,Jurek,708646010,2019-10-10
Jacob,Cosford,719080076,2012-04-04
Melessa,Josland,771582737,2009-11-13
Any,Cominetti,771358993,2017-12-03
Aryn,Bessom,841003895,2019-02-27
Emmit,Lowrie,819288721,2023-01-24
Margalit,Jaan,859650922,2007-09-21
Maddi,Dradey,986146730,2008-04-14
Baryram,Raggitt,989118205,2010-07-08
Emmery,McDiarmid,967033642,2012-06-15
Ev,Nickell,799198532,2013-07-16
Antone,Scarre,728309042,2006-11-27
Jacquelynn,Gladdifh,795335112,2005-01-31
Geralda,Seabrooke,783688486,2002-05-27
Clint,Peert,904535570,2017-08-19
Neal,Burkart,704837398,2021-05-26
Lanna,Nesby,795472424,2022-01-14
Heddie,Stops,835755340,2011-05-27
North,Hawe,947989074,2008-07-13
Jillayne,Yashunin,906406685,2015-03-15
Jordan,Kornilyev,763252150,2016-09-16
Giuseppe,Vickery,861115976,2016-11-22
Kennett,Goldsberry,763687327,2012-03-24
Putnam,Caines,745519459,2017-09-08
Melanie,Paskell,960278046,2002-09-14
Nissa,Orr,914294800,2021-01-10
Carolan,Ninnis,779939292,2019-06-17
Fania,Edgeworth,715423890,2007-09-30
Arden,Grima,749555863,2014-11-01
Rhody,Jellman,730792109,2005-01-18
Kimmie,Ridgwell,920292764,2000-05-09
Sybilla,Christol,767966056,2018-03-23
Mandy,Challice,779991586,2004-09-13
Adena,Tarney,944792115,2006-10-23
Hobey,Pidcock,993321607,2019-09-02
Uri,Dallyn,712316979,2021-12-01
Kathleen,De Angelis,788964153,2010-11-02
Renee,Rimell,714362725,2003-11-12
Ophelia,Kose,721862089,2011-10-26
Chickie,Banks,837386117,2000-12-08
Georgetta,Deer,884533492,2022-05-04
Ilka,Gori,984033126,2002-10-07
Bren,Howles,831454180,2002-10-21
Crichton,Sworne,989988108,2015-06-19
Georgy,Winkle,768193869,2020-10-12
Jarid,Wantling,959946895,2005-06-15
Flossie,Dockerty,894367230,2007-05-20
Clive,Sidney,753399503,2021-05-15
Doretta,James,736630137,2010-03-15
Viva,Poulson,963465086,2007-01-03
Rozina,Muldowney,750824173,2003-01-24
Eileen,Gillbee,792286753,2012-12-24
Muire,Mallya,806383165,2015-08-18
Mathew,Shrieve,905593675,2021-05-10
Terrance,Schwand,738910498,2009-12-18
Mela,Lamb-shine,740468682,2020-10-17
Maudie,Bussons,794256599,2019-01-24
Sorcha,Dominey,809366791,2020-12-27
Katrina,Borit,938436122,2004-03-22
Thayne,Reilly,959258143,2020-02-22
Winslow,Wheatland,766625465,2002-09-21
Adelaida,Portal,715835332,2014-04-10
Kaitlynn,Wark,720897042,2021-09-02
Virgina,Bevar,769349054,2008-10-26
Doreen,Antosch,734278204,2020-06-16
Shane,Bewly,738827591,2021-12-15
King,Le Noir,743416677,2022-12-25
Peder,Nannizzi,864752780,2009-02-11
Rollins,Bemand,886018584,2003-04-14
Nickey,Whitsun,782488047,2018-07-29
Boonie,Covert,781667761,2018-06-29
Tucky,Cuseick,937027977,2015-09-19
Lula,Docker,861629131,2001-04-29
Kass,Creamer,794255270,2009-01-16
Haleigh,Craigg,806089247,2014-01-21
Tracy,Cornelius,759868612,2012-07-20
Timoteo,Ryott,949716043,2004-07-08
Cristina,Elkin,919096357,2013-02-12
Esmaria,Thick,923338223,2021-04-15
Cherry,Mosson,752844657,2009-10-07
Eldridge,Abadam,772485248,2000-11-21
Taylor,Bushaway,810282824,2013-04-15
Tucker,Roelofsen,975846074,2004-12-29
Chrysler,Crilley,893499692,2008-10-18
Rafaelita,McMorran,785672609,2012-06-18
Ches,Lendrem,756980497,2016-08-08
Cheston,Leemans,759076703,2012-01-23
Sophronia,Twopenny,767635394,2021-05-02
Jobie,Cron,838153176,2013-09-03
Lynsey,Skamell,962010603,2007-09-05
Ron,Ruddoch,825211077,2017-12-16
Yvonne,Gunbie,994168916,2004-07-21
Donnie,Berni,856034267,2012-05-11
Nollie,Blenkinship,945605489,2012-07-10
Carlita,McCarl,762374352,2013-06-18
Kyle,Magnay,905694267,2009-04-24
Lothaire,Bantick,855615742,2017-01-19
Kurtis,Campsall,787449737,2012-08-30
Morten,Feacham,798199851,2022-03-28
Pooh,Counter,774372821,2002-03-19
Lacey,Thames,811685216,2019-06-20
Dolores,Gossage,869009530,2018-03-27
Jeana,Morewood,783186617,2018-02-07
Kaleb,Balmer,895007329,2016-11-05
Dara,Betjeman,756913726,2020-12-16
Gaylene,Betje,986234704,2015-07-05
Pearle,Harp,810017287,2006-09-11
Isaiah,Beddon,757589870,2016-02-07
Mina,Demougeot,793834530,2018-10-07
Nariko,Bastock,739408412,2008-03-12
Nathaniel,Balthasar,967994630,2017-03-11
Hayley,Van den Oord,975310193,2017-02-18
Mellisent,Boteman,940753417,2021-10-19
Lorianne,Dessent,764998757,2003-11-27
Alon,Dominique,778476156,2001-08-04
Angele,Brankley,780260701,2004-03-08
Claire,Corker,951843921,2003-12-24
Zara,Orring,706171332,2010-08-28
Michell,Kinzel,849912700,2018-11-17
Mallory,Sedgefield,897775834,2010-05-02
Chrystal,Guerreau,912872124,2012-10-31
Gilemette,Halpen,984515629,2005-06-24
Lucine,Jandel,742841090,2000-07-07
Suzie,Mival,717300942,2021-01-02
Moss,Gosalvez,895771010,2004-03-07
Clare,Humphrey,735128680,2004-06-05
Cristina,Phelps,839916138,2001-02-06
Daphne,Tocknell,719248424,2022-09-15
Kira,Milmo,748303131,2008-10-06
Edward,Antonazzi,733305332,2001-06-17
Quint,Poulson,757193275,2021-07-31
Felice,Gloves,751184414,2016-01-01
Florie,Osant,810918930,2006-06-10
Welby,Mulqueen,855147721,2007-05-25
Mitchel,Campione,738066798,2004-11-15
Hartley,Goodban,855670793,2013-04-10
Sonnnie,Wiggington,755319715,2006-09-04
Rourke,Currell,793426838,2015-01-11
Reta,Rubenov,797726943,2013-06-14
Jeremias,Dightham,741509210,2000-09-09
Tabbie,Shadrach,854302005,2002-12-20
Josselyn,Conkay,972663820,2018-05-02
Melitta,McReidy,886232750,2006-05-23
Mylo,Nobles,765200131,2000-11-30
Dulcia,Cowland,858946712,2010-11-14
Charisse,Ilewicz,835977513,2011-05-27
Em,Antonietti,838239986,2013-11-24
Denny,Fulham,755227364,2009-02-27
Russell,Dewar,764968786,2020-06-01
Hedwiga,Lamerton,798301637,2013-04-17
Karlan,Wiggins,819761872,2013-06-30
Coop,Tarbin,945674016,2011-10-08
Hadleigh,Coulthard,984748981,2008-01-25
Harris,Allenby,740363760,2017-02-01
Dacie,Twydell,720857700,2020-04-05
Hanny,Fallow,815577326,2009-01-02
Henka,Jozsef,812686699,2002-08-13
Andee,Tille,709922097,2013-01-31
Claire,Minifie,787248821,2018-04-16
Isabel,Yter,734039716,2017-09-21
Eyde,Lohden,935245691,2008-07-18
Althea,Greenwood,925198990,2015-10-25
Billy,Jordison,756618834,2001-02-01
Bear,Humpherson,792199799,2000-09-28
Cris,Heinreich,720057471,2010-08-09
Nickolai,McCowen,747880164,2007-04-05
Quintana,Hewins,769881722,2022-10-22
Alphard,Tuley,728162335,2010-11-20
Wallie,Baruch,746547556,2012-01-22
Faye,Beeckx,916865787,2004-05-17
Toddie,Pineaux,778019827,2004-07-19
Lester,Cabedo,716184550,2012-10-31
Cleve,Mundford,771744344,2008-11-13
Sophia,Gagen,971882023,2016-10-14
Meg,MacAskie,736891893,2010-03-05
Ame,Fante,917471671,2020-09-29
Noelle,Frowing,705843532,2014-08-09
Kayla,Eyes,799975277,2022-08-27
Josh,Angood,724066061,2020-05-13
Miles,Twaits,736097325,2003-08-17
Alisun,Jouhandeau,734745536,2020-07-17
Debi,Boyat,953533495,2000-12-12
Lulita,Lerven,883750752,2000-01-27
Guillaume,Squelch,718586630,2010-04-02
Annnora,Attack,985577556,2009-10-11
Darelle,Chappel,785175224,2001-01-31
Austina,Plane,707395371,2012-12-31
Mirabella,Ateridge,900800321,2011-10-03
Ronnica,Haggett,867746426,2016-07-09
Cynde,Fawdrey,747318336,2015-02-10
Maryl,Waddy,768907379,2016-06-11
Rock,Emanson,795107180,2009-11-03
Norene,Boyall,883092591,2007-01-25
Myrle,Imos,716122605,2009-11-25
Lauree,Linebarger,906010033,2017-08-30
Donaugh,Stanistreet,951010891,2010-05-26
Bari,Stollberger,829524327,2014-04-21
Phillipp,Decort,864319680,2009-01-27
Rebekkah,Roussel,801530998,2002-05-15
Lars,Ickowicz,879796811,2010-04-10
Halette,Greenman,945668402,2014-04-04
Fredek,Kleis,981935306,2018-03-21
Claudine,Guare,802088460,2015-02-22
Chrysler,Hutchinson,748856872,2016-11-30
Johnnie,Le Brun,751463429,2015-03-09
Corine,Wimes,864139591,2003-05-11
Hallie,Wilkins,926342404,2008-12-30
Rodd,Gerbl,820828325,2012-02-24
Ignaz,Beesley,739808160,2011-08-28
Valma,Ewin,962055111,2019-11-10
Jarrad,Fratczak,788726742,2007-06-10
Stu,Oxherd,742122115,2018-03-13
Hillard,Eisak,874711724,2004-01-03
Charleen,Lytlle,986867161,2011-07-13
Bartholemy,McCombe,991297200,2018-08-17
Chico,Dinjes,758811485,2016-04-12
Reeva,Brower,925366310,2022-05-18
Courtney,Ciobotaro,851364403,2004-08-30
Lorena,Churcher,727399864,2005-10-04
Jania,McAviy,948813183,2004-01-19
Armin,Gautrey,873322353,2013-11-18
Camilla,Josipovitz,789317044,2006-11-19
Henriette,Knight,865674629,2000-06-01
Hadrian,Stookes,814508479,2005-04-05
Hatty,McVitie,743475019,2008-08-10
Janice,Waye,735378886,2012-08-01
Blinny,Burgyn,785422502,2020-02-19
Helenelizabeth,De Vries,947119726,2022-08-08
Cody,McMaster,712582214,2013-05-19
Ameline,Heam,766977438,2010-05-16
Isabel,McRory,992435578,2006-05-09
Ody,Vasyutkin,710835617,2021-12-29
Else,Fearey,975366875,2021-10-24
Rozamond,Dudson,954769038,2018-08-09
Caterina,Brogi,744398309,2012-08-19
Meredithe,Lamke,956688658,2017-04-17
Samara,Klesse,786656334,2001-02-09
Eddy,Steketee,782263729,2020-09-27
Germain,Fourman,883658110,2022-05-04
Horatia,Purdon,822674965,2017-04-24
Lovell,Camoys,974141568,2004-05-20
Gunter,Jutson,734976964,2000-12-27
Lorilee,Mulvany,828413105,2022-01-30
Cleopatra,Pattini,779952734,2005-09-19
Martica,Bockman,735502133,2009-05-10
Vernor,Pillman,797119864,2008-06-20
Jean,Hargreave,783550069,2019-03-08
Brandtr,Rolling,789115824,2006-01-11
Ruthi,Minear,764177201,2009-07-22
Waylon,Bleacher,740270987,2000-01-29
Forster,Doumerque,770471464,2020-03-16
Langsdon,Vaneev,982789197,2016-12-10
Babbette,Bown,781272219,2012-04-22
Katti,Cambden,763982424,2005-12-26
Hollyanne,Geyton,965395308,2022-03-18
Dannel,Zapatero,702216201,2001-10-24
Sherline,Blewis,955448587,2008-03-26
Prinz,Varndell,751111759,2010-08-28
Minnaminnie,Malec,736463615,2021-04-01
Taite,Ilyasov,809499246,2000-11-10
Alonzo,Ridgedell,715778076,2020-07-16
Royce,Browell,901499481,2011-09-13
Dael,Yushachkov,992188345,2021-12-13
Stefano,Quakley,754516500,2012-08-29
Bea,Epgrave,802846564,2000-10-24
Lindsey,Vedishchev,922042825,2002-09-21
Nollie,Skerman,748653291,2018-07-04
Fancy,Mc Carrick,988606427,2008-03-18
Orion,Arkil,989710598,2016-02-18
Fidole,Crepel,801582275,2016-10-23
Bernadina,Stobbs,711617789,2001-03-19
Bendite,Montez,928692331,2002-12-17
Chalmers,Joe,879673130,2021-07-30
Starlene,Bento,887082323,2007-01-25
Marilee,Ksandra,703213086,2000-03-17
Carolyn,Threadkell,757141889,2001-01-26
Rex,Grugerr,713665315,2015-06-12
Jeromy,Thoumasson,743183908,2017-07-05
Giulietta,McArt,944614377,2015-09-26
Tobin,Genge,997151221,2023-01-16
Goran,Gebbie,850243633,2008-06-29
Eachelle,Profit,896828573,2017-11-27
Joshuah,Glassman,916117945,2020-02-05
Gun,McNeil,754322861,2022-02-12
Benetta,Seargeant,704763652,2015-07-05
Alessandra,Adair,762702983,2021-07-10
Ephrayim,Hasselby,798235682,2003-08-06
Jarad,Hounsham,846850746,2013-01-14
Zelda,Figgures,705285181,2016-12-08
Tyne,Kiffin,922444245,2005-07-18
Aviva,Eicheler,901294492,2004-04-19
Gale,Clout,791608757,2004-06-20
Shana,Keave,720887940,2018-10-21
Tabitha,Simm,735789189,2014-12-02
Stearne,Karadzas,980604859,2022-01-10
Anson,Gobeau,927522294,2004-06-27
Alejandra,Clitheroe,984686941,2015-05-26
Cora,Antrack,727494127,2009-10-20
Renado,Doblin,943188941,2005-02-21
Haywood,Pettett,760314949,2013-12-15
Guglielma,Arrighini,920409487,2021-06-26
Wendi,Kubal,873329407,2006-01-16
Nata,Govey,995469254,2010-12-24
Pammie,MacKeague,878085507,2008-09-22
Lacy,Pesek,929273406,2013-08-28
Lyon,Tregale,756847278,2016-08-30
Christyna,Park,853257632,2009-08-10
Ariana,Hazley,755767239,2023-02-16
Shay,Gerlack,789387541,2007-12-12
Analiese,Greschke,740692753,2016-11-10
Katey,O'Downe,755750091,2000-11-29
Kristan,Emlen,774083194,2001-03-26
Virge,Kershaw,774796964,2021-07-20
Jordon,Usmar,768837323,2020-08-12
Leann,Soares,731544483,2015-04-14
Moreen,Grenfell,807171584,2003-07-27
Aaren,Manicom,892253397,2018-04-25
Verney,Lowey,947535260,2020-04-10
Nikita,Weddeburn,963266879,2001-07-10
Ahmad,Hanks,881570375,2013-09-24
Willie,Moen,894724330,2000-05-02
Shoshana,Bredes,742504121,2022-05-01
Irena,Pierro,747041483,2020-07-05
Daloris,Galego,774471594,2000-10-11
Grady,Verbeek,778185612,2001-11-22
Averell,Kid,898555080,2016-07-01
Jobye,Vockins,989146858,2001-01-11
Kenneth,Gorler,742114205,2008-07-11
Krysta,Landis,959330174,2003-10-07
Raimundo,Jeannesson,722680151,2009-07-07
Myrvyn,Haldene,775954021,2018-01-09
Ettore,Pantridge,908170133,2015-08-15
Chadwick,Lynch,794530328,2011-12-13
Salvatore,Goymer,771854473,2006-03-26
Karlis,Gionettitti,876734238,2011-01-05
Bordie,Goghin,796067879,2014-05-14
Giavani,Shorie,984980651,2016-04-19
Charil,Alliberton,972662922,2020-11-05
Paloma,Jerrams,747466628,2022-03-07
Hyacinth,Tison,712183940,2009-05-17
Timofei,Moberley,733843817,2021-12-08
Iorgo,Anfossi,702828314,2020-05-23
Jewell,Doran,805029885,2015-12-15
Kelsi,Ratlee,708557480,2011-06-09
Lee,Jantet,742804547,2012-11-30
Fanni,Featherstonhaugh,903099053,2018-12-18
Clair,Macconachy,954851221,2003-03-18
Halie,Gobeaux,913262615,2004-08-08
Roselin,Buckhurst,959992187,2012-10-20
Sibley,Porteous,846005185,2019-08-22
Oran,Pennetta,704143835,2000-10-31
Kellby,Mattock,796567356,2016-09-13
Jamill,Hehnke,724481835,2007-11-25
Carline,Malcolm,790164318,2008-07-09
Dorine,Morby,740670539,2009-09-07
Marchall,Hamberstone,773965517,2006-12-15
Fransisco,Hunt,723898807,2021-05-02
Robina,Mochar,881024767,2020-09-23
Noellyn,Merwood,755657414,2017-02-06
Siobhan,Petras,871170917,2021-03-11
Jonas,Rawsthorn,754633690,2003-09-03
Raimundo,O' Culligan,934450950,2018-08-25
Jermain,Stieger,754727013,2008-12-12
Justin,Cleminshaw,931891066,2022-08-21
Gustaf,Teissier,790950869,2006-10-07
Arel,Stratz,860008092,2002-01-30
Kit,Bearn,745003674,2004-04-04
Valeda,Pulfer,794864200,2005-11-03
Stephi,Brill,799573676,2019-12-26
Dyanna,Brawley,921187796,2008-05-13
Jillane,Plaid,723937836,2005-07-17
Nessa,Rayner,798568308,2010-05-14
Gabbey,Ivoshin,774907665,2005-04-26
Barbette,Odlin,701945118,2022-03-02
Nina,Gobeau,776185435,2009-04-03
Chalmers,Petris,886535062,2014-12-13
Noellyn,Ivamy,823708365,2005-03-07
Barry,Devlin,725742747,2010-08-09
Lorrie,Corben,867411770,2014-07-29
Jory,Hellikes,714512130,2002-01-27
Othello,Tonna,900735196,2003-04-09
Victoir,Vidler,789789667,2008-11-09
Odessa,Rau,756384530,2018-04-03
Randell,Marchenko,892729430,2005-04-18
Elsi,Colkett,780634636,2017-12-24
Dagny,McTerry,757887656,2000-03-16
Blake,Stuttard,877559100,2017-03-17
Carroll,Rene,706089243,2000-10-06
Huey,Biasotti,918725298,2017-04-23
Brandtr,Kemmish,774974935,2004-11-21
Edna,Tatham,995947285,2008-08-13
Anthiathia,Basek,731491857,2006-03-22
Selina,Jamson,940622468,2019-12-05
Inglis,Aldington,821062753,2004-09-10
Danica,Swan,979068759,2013-11-20
Mannie,Bruneton,758257817,2021-01-18
Bert,Osgarby,907016928,2007-11-30
Alissa,Lovart,889640399,2017-12-26
Cairistiona,Elleyne,775783012,2002-07-20
Bogey,Metts,964248344,2007-04-13
Shae,Alelsandrovich,777377242,2019-10-16
Willie,Wisam,870968939,2005-03-12
Evered,Arguile,838862189,2006-02-12
Orson,Welch,710201790,2012-01-08
Ellerey,Capstick,855874523,2020-01-20
Robbie,Margerison,707515657,2021-07-27
Lennard,Vacher,752111466,2022-09-20
Rosalind,Jellico,793906399,2019-09-26
Maurizio,Punton,992512749,2001-06-10
Alene,Hugonneau,916100051,2002-10-23
Linnie,MacRanald,836932976,2016-09-12
Grant,Kleinsinger,925671950,2011-10-07
Vinnie,Dyche,817411442,2005-03-06
Bradney,Matz,766513325,2001-02-28
Ronnica,Buddock,857149555,2021-11-12
Creighton,Felton,890911130,2012-04-16
Sergeant,Flarity,902926661,2017-12-30
Aksel,Thurling,955101277,2001-09-27
Lenka,Clayworth,961982891,2013-05-23
Marlena,McCalister,704773843,2011-12-27
Earl,Risley,847526140,2000-09-04
Raynell,Kubalek,767047731,2003-09-19
Ursuline,Grundwater,921535277,2011-01-13
Helga,Wardley,955671073,2021-09-20
Bernetta,Clere,838288749,2005-02-20
Alisun,Chesshire,807076606,2018-11-17
Oralie,Judd,856668100,2003-06-03
Jasen,Tackle,923809234,2008-01-05
Stoddard,Wybern,999105083,2023-02-11
Millard,Ludye,732379087,2001-01-01
Dion,Terbruggen,940199446,2021-04-05
Barby,Cadman,888019292,2006-06-22
Joanna,Cokely,801817863,2000-11-27
Zelma,Cockland,764198341,2001-12-24
Mil,Benger,858019111,2012-07-07
Jon,Slyme,743171243,2006-05-03
Ekaterina,Aynold,788239986,2003-07-25
Andrew,Brilon,825548252,2002-04-30
Andrus,Sail,768518810,2016-09-11
Tillie,Astall,718556448,2009-01-19
Juli,Laming,839935622,2003-10-09
Peri,Kamen,918782450,2007-10-18
Em,De Zuani,923900676,2007-01-22
Crystie,Maudlin,766559380,2021-01-12
Elisa,Bartaletti,946188940,2004-04-14
Roda,Camerello,959711012,2007-03-20
Eilis,Lynnett,709876425,2013-04-17
Kristian,Rewcassell,883622223,2012-03-21
Miran,Ell,763557701,2021-08-15
Aldridge,Kiebes,877252709,2011-12-02
Kin,Ottley,959913791,2021-05-28
Erma,Dikels,722186847,2008-05-25
Dalston,Grzelczak,749253190,2003-04-15
Page,Franklin,950418986,2004-01-12
Thorsten,Souten,746557862,2013-06-26
Ezri,Surgener,832753386,2015-03-12
Hy,Dunrige,799322453,2016-03-17
Jeannette,Leggs,783944413,2008-07-17
Ephrayim,Forsaith,704026363,2003-08-03
Marketa,Ciubutaro,773335621,2003-05-03
Sutton,Frankom,965105407,2001-08-08
Gabriele,Boyne,789057483,2007-04-26
Cori,Knapper,773267338,2014-09-12
Agathe,Geraghty,984678241,2022-08-25
Rani,Dashkov,718068110,2005-05-24
Stephannie,Coltart,914709105,2020-10-08
Dominica,McMorland,810356875,2007-10-07
Bertram,Aitkenhead,984837842,2001-02-28
Pearce,Ruddin,723556425,2022-05-15
Jeddy,Hallowell,800964101,2022-11-21
Brice,Barkus,787307755,2006-04-29
Tremayne,Dore,765824573,2002-06-26
Jenilee,Poinsett,874553046,2006-03-19
Mariel,Francesc,898561221,2021-06-04
Ricoriki,Paroni,815656766,2018-02-21
Winslow,Tatton,992521340,2021-03-21
Brand,Pedri,763068125,2011-02-16
Gray,Malimoe,923295221,2000-06-20
Edin,Lean,728499068,2016-05-06
Bobby,Welford,819335612,2008-07-25
Nicola,Cartmail,882787466,2003-06-29
Catarina,Caveill,830845560,2013-12-30
Starlin,Lechmere,796150250,2011-04-29
Arch,Milland,797596797,2016-08-13
Iolande,Ive,749070714,2005-04-22
Deane,Buffery,848626218,2015-11-01
Peirce,Alves,756350771,2006-05-05
Roch,Spurden,883775565,2011-11-04
Charmion,Terne,799384678,2019-08-05
Editha,Sinnott,933542236,2021-09-23
Janeen,Koppke,972182029,2004-11-21
Bel,Scaysbrook,768910208,2003-10-22
Shani,Cadwaladr,793241875,2022-10-16
Anett,Brimmicombe,846457535,2007-09-24
Daisy,Lochhead,727260669,2015-11-30
Tessi,Lofty,972074715,2020-12-18